id,malayalamName,englishSearchTerm,preferredImageSource,imageUrl,status,notes
prod-1788525998809-8809,താറാവ് മുട്ട,duck egg,Wikimedia Commons,https://upload.wikimedia.org/wikipedia/commons/6/67/Duck_Eggs.jpg,resolved,Fresh duck eggs
prod-1788524886356-6356,ചാട്ട് മസാല,chaat masala spice blend,Wikimedia Commons,,needs_review,Needs isolated spice blend image
prod-1788524864379-4379,എള്ള്,sesame seeds,Wikimedia Commons,https://upload.wikimedia.org/wikipedia/commons/2/29/Sesamum_indicum_13062014.jpg,resolved,Sesame seeds
prod-1788524492537-2537,കാശ്മീരി മുളക് പൊടി,Kashmiri chilli powder,Wikimedia Commons,https://upload.wikimedia.org/wikipedia/commons/9/9d/Chili_powder_at_Valencia_Market.jpg,resolved,Red chilli powder
prod-1788523379836-9836,സാമ്പാർ പൊടി,sambar masala powder,Wikimedia Commons,,needs_review,Needs Sambar masala blend image
prod-1788523256881-6881,കുരുമുളക് പൊടി,black pepper powder,Wikimedia Commons,https://upload.wikimedia.org/wikipedia/commons/0/05/Ground_black_pepper.jpg,resolved,Ground black pepper
prod-1788522332576-2576,ഗ്രീൻപീസ്,green peas,Wikimedia Commons,https://upload.wikimedia.org/wikipedia/commons/f/f0/Green_peas_batch.jpg,resolved,Green peas
fruit-1-apple,ആപ്പിൾ,apple,Wikimedia Commons,https://upload.wikimedia.org/wikipedia/commons/1/13/Apple_With_White_Background.jpg,resolved,Red apple
fruit-2-banana,വാഴപ്പഴം,banana,Wikimedia Commons,https://upload.wikimedia.org/wikipedia/commons/8/8a/Banana-Single.jpg,resolved,Ripe banana
fruit-3-orange,ഓറഞ്ച്,orange,Wikimedia Commons,https://upload.wikimedia.org/wikipedia/commons/c/c4/Orange-Fruit-Pieces.jpg,resolved,Orange fruit
fruit-4-mosambi,മുസംബി / മധുരനാരങ്ങ,mosambi,Wikimedia Commons,https://upload.wikimedia.org/wikipedia/commons/3/33/Mosambi.JPG,resolved,Mosambi fruit
fruit-5-mango,മാമ്പഴം,mango,Wikimedia Commons,https://upload.wikimedia.org/wikipedia/commons/9/90/Hapus_Mango.jpg,resolved,Alphonso mango
fruit-6-black-grapes,മുന്തിരി,black grapes,Wikimedia Commons,https://upload.wikimedia.org/wikipedia/commons/8/83/Grape_picture.jpg,resolved,Black grapes
fruit-7-green-grapes,പച്ച മുന്തിരി,green grapes,Wikimedia Commons,https://upload.wikimedia.org/wikipedia/commons/b/bb/Table_grapes_on_white.jpg,resolved,Green table grapes
fruit-8-pomegranate,ഉറുമാൻപഴം,pomegranate,Wikimedia Commons,https://upload.wikimedia.org/wikipedia/commons/b/bc/Pomegranate_on_white.jpg,resolved,Pomegranate
fruit-9-guava,പേരയ്ക്ക,guava,Wikimedia Commons,https://upload.wikimedia.org/wikipedia/commons/0/02/Guava_ID.jpg,resolved,Guava fruit
fruit-10-watermelon,തണ്ണിമത്തൻ,watermelon,Wikimedia Commons,https://upload.wikimedia.org/wikipedia/commons/4/47/Taiwan_2009_Tainan_City_Organic_Farm_Watermelon_FRD_7962.jpg,resolved,Watermelon
fruit-11-shamam,ഷമാം,shamam melon,Wikimedia Commons,https://upload.wikimedia.org/wikipedia/commons/e/ed/Cucumis_melo_on_white_background.jpg,resolved,Shamam / muskmelon
fruit-12-pineapple,കൈതച്ചക്ക,pineapple,Wikimedia Commons,https://upload.wikimedia.org/wikipedia/commons/c/cb/Pineapple_and_cross_section.jpg,resolved,Pineapple
fruit-13-jackfruit,ചക്ക,jackfruit,Wikimedia Commons,https://upload.wikimedia.org/wikipedia/commons/b/ba/Jackfruit_hanging.JPG,resolved,Jackfruit
fruit-14-sapota,സപ്പോട്ട / ചിക്കു,sapodilla chikoo,Wikimedia Commons,https://upload.wikimedia.org/wikipedia/commons/f/f7/Sapota_%28manilkara_zapota%29_at_Kommadi.jpg,resolved,Sapodilla
fruit-15-custard-apple,സീതപ്പഴം,custard apple sugar apple,Wikimedia Commons,https://upload.wikimedia.org/wikipedia/commons/4/48/Sugar_apple_with_cross_section.jpg,resolved,Sugar apple
fruit-16-rambutan,റംബൂട്ടാൻ,rambutan,Wikimedia Commons,https://upload.wikimedia.org/wikipedia/commons/8/83/Rambutan_white_background_alt.jpg,resolved,Rambutan
fruit-17-lychee,ലിച്ചി,lychee,Wikimedia Commons,https://upload.wikimedia.org/wikipedia/commons/5/5c/Lychee_fruits_and_seed.jpg,resolved,Lychee
fruit-18-kiwi,കിവി,kiwifruit,Wikimedia Commons,https://upload.wikimedia.org/wikipedia/commons/d/d3/Kiwi_aka.jpg,resolved,Kiwifruit
fruit-19-dragon-fruit,ഡ്രാഗൺ ഫ്രൂട്ട്,dragon fruit pitaya,Wikimedia Commons,https://upload.wikimedia.org/wikipedia/commons/d/df/Dragon_fruit_%28pitaya%29_on_white_background.jpg,resolved,Pitaya / dragon fruit
fruit-20-avocado,അവോക്കാഡോ / വെണ്ണപ്പഴം,avocado,Wikimedia Commons,https://upload.wikimedia.org/wikipedia/commons/0/07/Hass_avocado_-white_background.jpg,resolved,Hass avocado
fruit-21-strawberry,സ്ട്രോബെറി,strawberry,Wikimedia Commons,https://upload.wikimedia.org/wikipedia/commons/e/ee/Strawberry_on_white_background.jpg,resolved,Fresh strawberry
fruit-22-blueberry,ബ്ലൂബെറി,blueberry,Wikimedia Commons,https://upload.wikimedia.org/wikipedia/commons/2/2e/Single_Blueberry.jpg,resolved,Fresh blueberry
fruit-23-raspberry,റാസ്ബെറി,raspberry,Wikimedia Commons,https://upload.wikimedia.org/wikipedia/commons/6/68/Three_Raspberries.jpg,resolved,Fresh raspberries
fruit-24-blackberry,ബ്ലാക്ക്ബെറി,blackberry,Wikimedia Commons,https://upload.wikimedia.org/wikipedia/commons/6/63/Blackberry_%28Rubus_fruticosus%29.jpg,resolved,Blackberries
fruit-25-cherry,ചെറി,cherry fruit,Wikimedia Commons,https://upload.wikimedia.org/wikipedia/commons/4/45/Cherry_fruit_on_white_background.jpg,resolved,Fresh cherries
fruit-26-peach,പീച്ച്,peach fruit,Wikimedia Commons,https://upload.wikimedia.org/wikipedia/commons/7/7e/White_peach_and_cross_section.jpg,resolved,Peach fruit
fruit-27-plum,പ്ലം,plum fruit,Wikimedia Commons,https://upload.wikimedia.org/wikipedia/commons/2/24/Red-Plums.jpg,resolved,Red plums
fruit-28-pear,പിയർ / സബർജിൽ,pear fruit,Wikimedia Commons,https://upload.wikimedia.org/wikipedia/commons/5/59/Rocha_Pear_2017_A1.jpg,resolved,Fresh pear
fruit-31-persimmon,കാക്കിപ്പഴം,persimmon,Wikimedia Commons,https://upload.wikimedia.org/wikipedia/commons/0/02/Persimmon_2017_B3.jpg,resolved,Persimmon fruit
fruit-32-passion-fruit,പാഷൻ ഫ്രൂട്ട്,passion fruit,Wikimedia Commons,https://upload.wikimedia.org/wikipedia/commons/7/72/Passiflora_edulis_fruit_on_white_background.jpg,resolved,Passion fruit
fruit-33-star-fruit,ചതുരപ്പുളി / നക്ഷത്രപ്പുളി,star fruit carambola,Wikimedia Commons,https://upload.wikimedia.org/wikipedia/commons/b/b5/Averrhoa_carambola_Fruit.JPG,resolved,Star fruit
fruit-34-mangosteen,മാംഗോസ്റ്റീൻ,mangosteen,Wikimedia Commons,https://upload.wikimedia.org/wikipedia/commons/b/bd/Mangosteen1.jpg,resolved,Fresh mangosteen
fruit-35-durian,ദുരിയാൻ,durian,Wikimedia Commons,https://upload.wikimedia.org/wikipedia/commons/c/c8/Durian_fruit.JPG,resolved,Durian fruit
fruit-36-longan,ലോഗൻ,longan fruit,Wikimedia Commons,https://upload.wikimedia.org/wikipedia/commons/1/1f/Longan_fruits.jpg,resolved,Longan fruit
fruit-39-dates,ഈന്തപ്പഴം,dates fruit,Wikimedia Commons,https://upload.wikimedia.org/wikipedia/commons/5/5f/Phoenix_%28botanical%29_%D1%84%D0%B8%D0%BD%D0%B8%D0%BA%D0%B8.jpg,resolved,Date fruit
fruit-43-amla,നെല്ലിക്ക,Indian gooseberry amla,Wikimedia Commons,https://upload.wikimedia.org/wikipedia/commons/d/d8/Indian_Gooseberry_%28Amla%29.jpg,resolved,Indian gooseberry / Amla
fruit-44-tamarind,പുളി / വാളൻപുളി,tamarind fruit,Wikimedia Commons,https://upload.wikimedia.org/wikipedia/commons/b/ba/Tamarind_pods_edible_part.jpg,resolved,Tamarind fruit pods
fruit-47-pomelo,മാതളനാരങ്ങ,pomelo citrus fruit,Wikimedia Commons,https://upload.wikimedia.org/wikipedia/commons/f/f3/Pomelo_fruit.jpg,resolved,Pomelo fruit
veg-1-tomato,തക്കാളി,tomato,Wikimedia Commons,https://upload.wikimedia.org/wikipedia/commons/8/89/Tomato_je.jpg,resolved,Fresh tomato
veg-2-potato,ഉരുളക്കിഴങ്ങ്,potato,Wikimedia Commons,https://upload.wikimedia.org/wikipedia/commons/a/ab/Patates.jpg,resolved,Fresh potato
veg-3-big-onion,സവാള,onion,Wikimedia Commons,https://upload.wikimedia.org/wikipedia/commons/2/25/Onion_on_White.JPG,resolved,Yellow / big onion
veg-4-small-onion-shallots,ചെറിയ ഉള്ളി,shallots small onion,Wikimedia Commons,https://upload.wikimedia.org/wikipedia/commons/f/f7/Shallots.jpg,resolved,Shallots / small onion
veg-5-ladies-finger-okra,വെണ്ടക്ക,okra lady finger,Wikimedia Commons,https://upload.wikimedia.org/wikipedia/commons/2/26/Okra_%28Abelmoschus_esculentus%29_Feb_2019._DSC_0060_01.jpg,resolved,Okra / ladies finger
veg-6-brinjal-eggplant,വഴുതന,eggplant aubergine,Wikimedia Commons,,pending_resolution,
veg-7-green-chilli,പച്ചമുളക്,green chilli pepper,Wikimedia Commons,,pending_resolution,
veg-8-long-beans-yardlong-beans,പയർ,yardlong beans long beans,Wikimedia Commons,,pending_resolution,
veg-9-drumstick,മുരിങ്ങക്കായ,drumstick moringa pods,Wikimedia Commons,,pending_resolution,
veg-10-bitter-gourd,പാവയ്ക്ക,bitter melon bitter gourd,Wikimedia Commons,,pending_resolution,
veg-11-snake-gourd,പടവലങ്ങ,snake gourd,Wikimedia Commons,,pending_resolution,
veg-12-bottle-gourd,ചുരയ്ക്ക,bottle gourd,Wikimedia Commons,,pending_resolution,
veg-13-ash-gourd,കുമ്പളങ്ങ,ash gourd winter melon,Wikimedia Commons,,pending_resolution,
veg-14-pumpkin,മത്തങ്ങ,pumpkin,Wikimedia Commons,,pending_resolution,
veg-15-cucumber-malabar-cucumber,വെള്ളരിക്ക,cucumber,Wikimedia Commons,,pending_resolution,
veg-16-ivy-gourd,കോവയ്ക്ക,ivy gourd tindora,Wikimedia Commons,,pending_resolution,
veg-17-ridge-gourd,പീച്ചിങ്ങ,ridge gourd,Wikimedia Commons,,pending_resolution,
veg-18-elephant-foot-yam,ചേന,elephant foot yam,Wikimedia Commons,,pending_resolution,
veg-19-taro-root-colocasia,ചേമ്പ്,taro colocasia,Wikimedia Commons,,pending_resolution,
veg-20-tapioca-cassava,കപ്പ,cassava tapioca,Wikimedia Commons,,pending_resolution,
veg-21-chinese-potato,കൂർക്ക,Chinese potato,Wikimedia Commons,,pending_resolution,
veg-22-sweet-potato,മധുരക്കിഴങ്ങ്,sweet potato,Wikimedia Commons,,pending_resolution,
veg-23-carrot,കാരറ്റ്,carrot,Wikimedia Commons,,pending_resolution,
veg-24-beetroot,ബീറ്റ്റൂട്ട്,beetroot,Wikimedia Commons,,pending_resolution,
veg-25-radish,മുള്ളങ്കി,radish,Wikimedia Commons,,pending_resolution,
veg-26-cabbage,കാബേജ്,cabbage,Wikimedia Commons,,pending_resolution,
veg-27-cauliflower,കോളിഫ്ലവർ,cauliflower,Wikimedia Commons,,pending_resolution,
veg-28-french-beans,ബീൻസ്,French beans green beans,Wikimedia Commons,,pending_resolution,
veg-29-green-peas,ഗ്രീൻ പീസ്,green peas,Wikimedia Commons,,pending_resolution,
veg-30-spinach-cheera,ചീര,spinach amaranth greens,Wikimedia Commons,,pending_resolution,
veg-31-moringa-leaves,മുരിങ്ങയില,moringa leaves,Wikimedia Commons,,pending_resolution,
veg-32-ginger,ഇഞ്ചി,ginger root,Wikimedia Commons,,pending_resolution,
veg-33-garlic,വെളുത്തുള്ളി,garlic,Wikimedia Commons,,pending_resolution,
veg-34-curry-leaves,കറിവേപ്പില,curry leaves,Wikimedia Commons,,pending_resolution,
veg-35-coriander-leaves,മല്ലിയില,coriander leaves cilantro,Wikimedia Commons,,pending_resolution,
veg-36-mint-leaves-pudina,പുതിന,mint leaves pudina,Wikimedia Commons,,pending_resolution,
veg-37-capsicum-bell-pepper,കാപ്സിക്കം,bell pepper capsicum,Wikimedia Commons,,pending_resolution,
grain-1-rice,കുറുവ അരി,Kuruvai rice Kerala rice,Wikimedia Commons,,pending_resolution,
grain-2-matta-rice,മട്ട അരി,Kerala matta rice,Wikimedia Commons,,pending_resolution,
grain-3-white-rice,വെള്ള അരി,white rice,Wikimedia Commons,,pending_resolution,
grain-4-raw-rice,പച്ചരി,raw rice,Wikimedia Commons,,pending_resolution,
grain-5-boiled-rice,പുഴുങ്ങലരി,parboiled rice,Wikimedia Commons,,pending_resolution,
grain-6-biryani-rice,ബിരിയാണി അരി,biryani rice,Wikimedia Commons,,pending_resolution,
grain-7-basmati-rice,ബാസ്മതി അരി,basmati rice,Wikimedia Commons,,pending_resolution,
grain-8-jeerakasala-rice,ജീരകശാല അരി,jeerakasala kaima rice,Wikimedia Commons,,pending_resolution,
grain-9-wheat,ഗോതമ്പ്,wheat grain,Wikimedia Commons,,pending_resolution,
grain-10-wheat-flour,ഗോതമ്പ് പൊടി / ആട്ട,wheat flour atta,Wikimedia Commons,,pending_resolution,
grain-11-maida,മൈദ,maida all purpose flour,Wikimedia Commons,,pending_resolution,
grain-12-semolina,റവ,semolina rava,Wikimedia Commons,,pending_resolution,
grain-13-rice-flour,അരിപ്പൊടി,rice flour,Wikimedia Commons,,pending_resolution,
grain-14-appam-flour,അപ്പം പൊടി,appam flour,Wikimedia Commons,,pending_resolution,
grain-15-puttu-flour,പുട്ടുപൊടി,puttu flour,Wikimedia Commons,,pending_resolution,
grain-17-corn-flour,കോൺഫ്ലവർ,corn flour cornstarch,Wikimedia Commons,,pending_resolution,
grain-18-oats,ഓട്സ്,oats,Wikimedia Commons,,pending_resolution,
pulse-1-dal,പരിപ്പ്,dal lentils,Wikimedia Commons,,pending_resolution,
pulse-2-green-gram,ചെറുപയർ,mung beans green gram,Wikimedia Commons,,pending_resolution,
pulse-3-red-kidney-beans,വൻപയർ,red kidney beans rajma,Wikimedia Commons,,pending_resolution,
pulse-4-chickpeas,കടല,chickpeas chana,Wikimedia Commons,,pending_resolution,
pulse-5-chana-dal,കടലപ്പരിപ്പ്,chana dal split chickpeas,Wikimedia Commons,,pending_resolution,
pulse-6-toor-dal,തുവരപ്പരിപ്പ്,toor dal pigeon peas,Wikimedia Commons,,pending_resolution,
pulse-7-urad-dal,ഉഴുന്ന്,urad dal black gram,Wikimedia Commons,,pending_resolution,
pulse-8-horse-gram,മുതിര,horse gram,Wikimedia Commons,,pending_resolution,
pulse-9-cowpea,വൻപയർ (മമ്പയർ ),cowpea black eyed peas,Wikimedia Commons,,pending_resolution,
pulse-11-soybean,സോയാബീൻ,soybeans,Wikimedia Commons,,pending_resolution,
pulse-13-dried-peas,പട്ടാണി,dried green peas,Wikimedia Commons,,pending_resolution,
spice-1-chilli-powder,മുളകുപൊടി,red chilli powder,Wikimedia Commons,,pending_resolution,
spice-2-turmeric-powder,മഞ്ഞൾപ്പൊടി,turmeric powder,Wikimedia Commons,,pending_resolution,
spice-3-coriander-powder,മല്ലിപ്പൊടി,coriander powder,Wikimedia Commons,,pending_resolution,
spice-4-cumin,ജീരകം,cumin seeds,Wikimedia Commons,,pending_resolution,
spice-5-black-pepper,കുരുമുളക്,black peppercorns,Wikimedia Commons,,pending_resolution,
spice-6-cardamom,ഏലം,cardamom,Wikimedia Commons,,pending_resolution,
spice-7-clove,ഗ്രാമ്പൂ,cloves,Wikimedia Commons,,pending_resolution,
spice-8-cinnamon,കറുവപ്പട്ട,cinnamon,Wikimedia Commons,,pending_resolution,
spice-9-fennel,പെരുംജീരകം,fennel seeds,Wikimedia Commons,,pending_resolution,
spice-10-fenugreek,ഉലുവ,fenugreek seeds,Wikimedia Commons,,pending_resolution,
spice-11-mustard-seeds,കടുക്,mustard seeds,Wikimedia Commons,,pending_resolution,
spice-12-ajwain,അയമോദകം,ajwain carom seeds,Wikimedia Commons,,pending_resolution,
spice-13-nutmeg,ജാതിക്ക,nutmeg,Wikimedia Commons,,pending_resolution,
spice-15-asafoetida,കായം,asafoetida hing,Wikimedia Commons,,pending_resolution,
spice-16-garlic,വെളുത്തുള്ളി (Spices),garlic,Wikimedia Commons,,pending_resolution,
spice-17-ginger,ഇഞ്ചി (Spices),ginger,Wikimedia Commons,,pending_resolution,
spice-18-dry-chilli,ഉണക്കമുളക്/വറ്റൽമുളക്,dried red chilli,Wikimedia Commons,,pending_resolution,
spice-19-curry-leaves,കറിവേപ്പില (Spices),curry leaves,Wikimedia Commons,,pending_resolution,
spice-20-biryani-masala,ബിരിയാണി മസാല,biryani masala,Wikimedia Commons,,pending_resolution,
spice-21-garam-masala,ഗരം മസാല,garam masala,Wikimedia Commons,,pending_resolution,
spice-22-chicken-masala,ചിക്കൻ മസാല,chicken masala,Wikimedia Commons,,pending_resolution,
spice-24-turmeric-whole,മഞ്ഞൾ (Whole),turmeric root whole,Wikimedia Commons,,pending_resolution,
oil-1-coconut-oil,വെളിച്ചെണ്ണ,coconut oil,Wikimedia Commons,,pending_resolution,
oil-2-sunflower-oil,സൺഫ്ലവർ ഓയിൽ,sunflower oil,Wikimedia Commons,,pending_resolution,
oil-4-groundnut-oil,നിലക്കടല എണ്ണ,groundnut peanut oil,Wikimedia Commons,,pending_resolution,
oil-5-sesame-oil,എള്ളെണ്ണ,sesame oil,Wikimedia Commons,,pending_resolution,
oil-6-olive-oil,ഒലിവ് ഓയിൽ,olive oil,Wikimedia Commons,,pending_resolution,
oil-7-salt,ഉപ്പ്,table salt,Wikimedia Commons,,pending_resolution,
oil-8-rock-salt,കല്ലുപ്പ്,rock salt,Wikimedia Commons,,pending_resolution,
oil-9-sugar,പഞ്ചസാര,white sugar,Wikimedia Commons,,pending_resolution,
oil-10-jaggery,ശർക്കര,jaggery,Wikimedia Commons,,pending_resolution,
dairy-1-milk,പാൽ,milk,Wikimedia Commons,,pending_resolution,
dairy-2-curd,തൈര്,curd yogurt,Wikimedia Commons,,pending_resolution,
dairy-3-buttermilk,മോര്,buttermilk,Wikimedia Commons,,pending_resolution,
dairy-4-butter,വെണ്ണ,butter,Wikimedia Commons,,pending_resolution,
dairy-5-ghee,നെയ്യ്,ghee,Wikimedia Commons,,pending_resolution,
dairy-6-paneer,പനീർ,paneer,Wikimedia Commons,,pending_resolution,
dairy-7-cheese,ചീസ്,cheese,Wikimedia Commons,,pending_resolution,
dairy-10-egg,മുട്ട,chicken egg,Wikimedia Commons,,pending_resolution,
dairy-11-chicken-egg,നാടൻ മുട്ട,country chicken egg,Wikimedia Commons,,pending_resolution,
dairy-12-quail-egg,കാടമുട്ട,quail egg,Wikimedia Commons,,pending_resolution,
sauce-1-tomato-ketchup,തക്കാളി സോസ്,tomato ketchup,Open Food Facts,,pending_resolution,
sauce-2-chilli-sauce,ചില്ലി സോസ്,chilli sauce,Open Food Facts,,pending_resolution,
sauce-3-soy-sauce,സോയ സോസ്,soy sauce,Open Food Facts,,pending_resolution,
sauce-4-vinegar,വിനാഗിരി/സുർക്ക,vinegar,Open Food Facts,,pending_resolution,
sauce-6-pickle,അച്ചാർ,pickle,Open Food Facts,,pending_resolution,
sauce-7-mango-pickle,മാങ്ങാ അച്ചാർ,mango pickle,Open Food Facts,,pending_resolution,
sauce-8-lime-pickle,നാരങ്ങാ അച്ചാർ,lime pickle,Open Food Facts,,pending_resolution,
sauce-9-coconut-chutney,തേങ്ങ ചമ്മന്തി,coconut chutney,Wikimedia Commons,,pending_resolution,
sauce-10-chutney-powder,ചമ്മന്തി പൊടി,chutney powder,Wikimedia Commons,,pending_resolution,
sauce-11-papad,പപ്പടം,papad,Open Food Facts,,pending_resolution,
sauce-12-dried-chilli-fried,വറ്റൽമുളക് (Condiment),dried chilli fried,Wikimedia Commons,,pending_resolution,
snack-1-biscuits,ബിസ്കറ്റ്,biscuits,Open Food Facts,,pending_resolution,
snack-2-cream-biscuits,ക്രീം ബിസ്കറ്റ്,cream biscuits,Open Food Facts,,pending_resolution,
snack-3-marie-biscuits,മാരി ബിസ്കറ്റ്,marie biscuits,Open Food Facts,,pending_resolution,
snack-4-glucose-biscuits,ഗ്ലൂക്കോസ് ബിസ്കറ്റ്,glucose biscuits,Open Food Facts,,pending_resolution,
snack-5-bread,ബ്രെഡ്,bread,Open Food Facts,,pending_resolution,
snack-6-bun,ബൺ,bun,Open Food Facts,,pending_resolution,
snack-7-rusk,റസ്ക്,rusk,Open Food Facts,,pending_resolution,
snack-8-cake,കേക്ക്,cake,Open Food Facts,,pending_resolution,
snack-9-chips,ചിപ്സ്,chips,Open Food Facts,,pending_resolution,
snack-10-banana-chips,വാഴക്ക ചിപ്സ്,banana chips,Open Food Facts,,pending_resolution,
snack-11-tapioca-chips,കപ്പ ചിപ്സ്,tapioca chips,Open Food Facts,,pending_resolution,
snack-12-mixture,മിക്സ്ചർ,mixture,Open Food Facts,,pending_resolution,
snack-13-murukku,മുറുക്ക്,murukku,Open Food Facts,,pending_resolution,
snack-14-uzhunnu-vada,ഉഴുന്നുവട,uzhunnu vada,Wikimedia Commons,,pending_resolution,
snack-15-achappam,അച്ചപ്പം,achappam,Open Food Facts,,pending_resolution,
snack-16-kuzhalappam,കുഴലപ്പം,kuzhalappam,Open Food Facts,,pending_resolution,
bev-1-tea-powder,ചായപ്പൊടി,tea powder,Open Food Facts,,pending_resolution,
bev-2-coffee-powder,കാപ്പിപ്പൊടി,coffee powder,Open Food Facts,,pending_resolution,
bev-3-instant-coffee,ഇൻസ്റ്റന്റ് കോഫി,instant coffee,Open Food Facts,,pending_resolution,
bev-4-green-tea,ഗ്രീൻ ടീ,green tea,Open Food Facts,,pending_resolution,
bev-5-milk-powder,പാൽപ്പൊടി,milk powder,Open Food Facts,,pending_resolution,
bev-6-cocoa-powder,കോക്കോ പൗഡർ,cocoa powder,Open Food Facts,,pending_resolution,
bev-7-boost,ബൂസ്റ്റ്,boost,Open Food Facts,,pending_resolution,
bev-8-horlicks,ഹോർലിക്സ്,horlicks,Open Food Facts,,pending_resolution,
bev-9-squash,സ്ക്വാഷ്,squash,Open Food Facts,,pending_resolution,
bev-10-fruit-juice,ഫ്രൂട്ട് ജ്യൂസ്,fruit juice,Open Food Facts,,pending_resolution,
bev-11-soft-drink,സോഫ്റ്റ് ഡ്രിങ്ക്,soft drink,Open Food Facts,,pending_resolution,
bev-12-mineral-water,മിനറൽ വാട്ടർ,mineral water,Open Food Facts,,pending_resolution,
utensil-1-cooking-pot,ചട്ടി,cooking pot,Wikimedia Commons,,pending_resolution,
utensil-2-pot,കലം,pot,Wikimedia Commons,,pending_resolution,
utensil-3-curry-pot,കറിച്ചട്ടി,curry pot,Wikimedia Commons,,pending_resolution,
utensil-4-fish-curry-pot,മീൻചട്ടി,fish curry pot,Wikimedia Commons,,pending_resolution,
utensil-5-clay-pot,മൺചട്ടി,clay pot,Wikimedia Commons,,pending_resolution,
utensil-6-uruli,ഉരുളി,uruli,Wikimedia Commons,,pending_resolution,
utensil-7-kadai,കടായി,kadai,Wikimedia Commons,,pending_resolution,
utensil-8-frying-pan,ഫ്രൈയിംഗ് പാൻ,frying pan,Wikimedia Commons,,pending_resolution,
utensil-9-tawa,തവ,tawa,Wikimedia Commons,,pending_resolution,
utensil-10-dosa-tawa,ദോശ തവ,dosa tawa,Wikimedia Commons,,pending_resolution,
utensil-11-appam-pan,അപ്പം ചട്ടി,appam pan,Wikimedia Commons,,pending_resolution,
utensil-12-pressure-cooker,പ്രഷർ കുക്കർ,pressure cooker,Wikimedia Commons,,pending_resolution,
utensil-13-steamer,സ്റ്റീമർ,steamer,Wikimedia Commons,,pending_resolution,
utensil-14-puttu-maker,പുട്ടുകുടം,puttu maker,Wikimedia Commons,,pending_resolution,
utensil-15-puttu-mould,പുട്ടുകുറ്റി,puttu mould,Wikimedia Commons,,pending_resolution,
utensil-16-idiyappam-press,ഇടിയപ്പം അച്ച്,idiyappam press,Wikimedia Commons,,pending_resolution,
utensil-17-knife,കത്തി,knife,Wikimedia Commons,,pending_resolution,
utensil-18-kitchen-sickle,അരിവാൾ,kitchen sickle,Wikimedia Commons,,pending_resolution,
utensil-19-cutting-board,കട്ടിംഗ് ബോർഡ്,cutting board,Wikimedia Commons,,pending_resolution,
utensil-20-coconut-scraper,തേങ്ങ ചിരവ,coconut scraper,Wikimedia Commons,,pending_resolution,
utensil-21-grater,ചിരവ,grater,Wikimedia Commons,,pending_resolution,
utensil-22-sieve,അരിപ്പ,sieve,Wikimedia Commons,,pending_resolution,
utensil-23-strainer,അരിച്ചട്ടി,strainer,Wikimedia Commons,,pending_resolution,
utensil-24-spoon,കരണ്ടി,spoon,Wikimedia Commons,,pending_resolution,
utensil-25-ladle,കറി കരണ്ടി,ladle,Wikimedia Commons,,pending_resolution,
utensil-26-spatula,ചട്ടുകം,spatula,Wikimedia Commons,,pending_resolution,
utensil-27-plate,പ്ലേറ്റ്,plate,Wikimedia Commons,,pending_resolution,
utensil-28-bowl,കിണ്ണം,bowl,Wikimedia Commons,,pending_resolution,
utensil-29-glass,ഗ്ലാസ്,glass,Wikimedia Commons,,pending_resolution,
utensil-30-cup,കപ്പ്,cup,Wikimedia Commons,,pending_resolution,
utensil-31-jug,ജഗ്,jug,Wikimedia Commons,,pending_resolution,
utensil-32-tray,ട്രേ,tray,Wikimedia Commons,,pending_resolution,
clean-1-dishwash-liquid,ഡിഷ് വാഷ്,dishwash liquid,Open Food Facts,,pending_resolution,
clean-2-soap,സോപ്പ് (Laundry / Dish),laundry soap dish soap bar,Wikimedia Commons,,pending_resolution,
clean-3-washing-powder,അലക്കുപൊടി,washing powder,Open Food Facts,,pending_resolution,
clean-4-scrubber,സ്ക്രബ്ബർ,scrubber,Wikimedia Commons,,pending_resolution,
clean-5-sponge,സ്പോഞ്ച്,sponge,Wikimedia Commons,,pending_resolution,
clean-6-dish-brush,പാത്രം കഴുകുന്ന ബ്രഷ്,dish brush,Wikimedia Commons,,pending_resolution,
clean-7-cloth,തുണി,cloth,Wikimedia Commons,,pending_resolution,
clean-8-kitchen-cloth,അടുക്കള തുണി,kitchen cloth,Wikimedia Commons,,pending_resolution,
clean-9-dustbin,ചവറ്റുകുട്ട,dustbin,Wikimedia Commons,,pending_resolution,
clean-10-bucket,ബക്കറ്റ്,bucket,Wikimedia Commons,,pending_resolution,
clean-11-mug,മഗ്,mug,Wikimedia Commons,,pending_resolution,
clean-12-broom,ചൂൽ,broom,Wikimedia Commons,,pending_resolution,
clean-13-mop,മോപ്പ്,mop,Wikimedia Commons,,pending_resolution,
clean-14-detergent-liquid,ഡിറ്റർജന്റ്,liquid laundry detergent,Open Food Facts,,pending_resolution,
clean-15-floor-cleaner,ഫ്ലോർ ക്ലീനർ,floor cleaner,Open Food Facts,,pending_resolution,
clean-16-toilet-cleaner,ടോയ്ലറ്റ് ക്ലീനർ,toilet cleaner,Open Food Facts,,pending_resolution,
clean-17-glass-cleaner,ഗ്ലാസ് ക്ലീനർ,glass cleaner,Open Food Facts,,pending_resolution,
store-1-plastic-container,പ്ലാസ്റ്റിക് പാത്രം,plastic container,Wikimedia Commons,,pending_resolution,
store-2-steel-container,സ്റ്റീൽ പാത്രം,steel container,Wikimedia Commons,,pending_resolution,
store-3-food-container,ഭക്ഷണ പാത്രം,food container,Wikimedia Commons,,pending_resolution,
store-4-water-bottle,വെള്ളക്കുപ്പി,water bottle,Wikimedia Commons,,pending_resolution,
store-5-bottle,കുപ്പി,bottle,Wikimedia Commons,,pending_resolution,
store-6-storage-jar,ഭരണി,storage jar,Wikimedia Commons,,pending_resolution,
store-7-spice-container,മസാല പാത്രം,spice container,Wikimedia Commons,,pending_resolution,
store-8-rice-container,അരി പാത്രം,rice container,Wikimedia Commons,,pending_resolution,
store-9-storage-box,ഡബ്ബ,storage box,Wikimedia Commons,,pending_resolution,
store-10-lunch-box,ലഞ്ച് ബോക്സ്,lunch box,Wikimedia Commons,,pending_resolution,
store-11-flask,ഫ്ലാസ്ക്,flask,Wikimedia Commons,,pending_resolution,
store-12-water-pot,വെള്ളക്കുടം,water pot,Wikimedia Commons,,pending_resolution,
baby-1-baby-food,ബേബി ഫുഡ്,baby food,Wikimedia Commons,,pending_resolution,
baby-2-baby-bottle,ബേബി ബോട്ടിൽ,baby bottle,Wikimedia Commons,,pending_resolution,
baby-3-diaper,ഡയപ്പർ,diaper,Wikimedia Commons,,pending_resolution,
baby-4-baby-wipes,ബേബി വൈപ്പ്സ്,baby wipes,Wikimedia Commons,,pending_resolution,
baby-5-tissue,ടിഷ്യു,tissue,Wikimedia Commons,,pending_resolution,
baby-6-napkin,നാപ്കിൻ,napkin,Wikimedia Commons,,pending_resolution,
baby-7-paper-towel,പേപ്പർ ടവൽ,paper towel,Wikimedia Commons,,pending_resolution,
care-1-shampoo,ഷാംപൂ,shampoo,Open Food Facts,,pending_resolution,
care-2-hair-oil,ഹെയർ ഓയിൽ,hair oil,Wikimedia Commons,,pending_resolution,
care-3-toothpaste,ടൂത്ത്പേസ്റ്റ്,toothpaste,Open Food Facts,,pending_resolution,
care-4-toothbrush,ടൂത്ത് ബ്രഷ്,toothbrush,Wikimedia Commons,,pending_resolution,
care-5-body-soap,ബോഡി സോപ്പ്,body soap,Open Food Facts,,pending_resolution,
care-6-hand-wash,ഹാൻഡ് വാഷ്,hand wash,Open Food Facts,,pending_resolution,
care-7-face-wash,ഫേസ് വാഷ്,face wash,Open Food Facts,,pending_resolution,
care-8-cream,ക്രീം (Face & Body),face body cream,Wikimedia Commons,,pending_resolution,
care-9-talcum-powder,ടാൽക്കം പൗഡർ,talcum powder,Wikimedia Commons,,pending_resolution,
care-10-shaving-cream,ഷേവിംഗ് ക്രീം,shaving cream,Open Food Facts,,pending_resolution,
care-11-razor,റേസർ,razor,Open Food Facts,,pending_resolution,
